Situação,Total,Média,Mediana,Desvio_Padrão,Ocorrências
Aprovado,3532,11.10691823899371,8.0,10.136040700005031,318
CancMatric,184,2.0,1.0,1.677255738755069,92
Dispensado,193,2.075268817204301,2.0,1.0133517259224991,93
Não Concl.,236,1.6164383561643836,1.0,1.1700885552847329,146
Repr.Freq,810,9.642857142857142,8.5,7.20214636204443,84
Reprovado,5182,16.29559748427673,15.0,11.71348461738154,318
Tr.Parcial,175,1.75,1.0,1.2583057392117916,100
